Name,Type,Category,Power,Accuracy,PP,Description
Absorb,GRASS,Special,20,100,25,User recovers half the HP inflicted on opponent.
Acid,POISON,Special,40,100,30,May lower opponent's Special Defense.
Acid Armor,POISON,Status,—,—,20,Sharply raises user's Defense.
Agility,PSYCHIC,Status,—,—,30,Sharply raises user's Speed.
Amnesia,PSYCHIC,Status,—,—,20,Sharply raises user's Special Defense.
Aurora Beam,ICE,Special,65,100,20,May lower opponent's Attack.
Barrage,NORMAL,Physical,15,85,20,Hits 2-5 times in one turn.
Barrier,PSYCHIC,Status,—,—,20,Sharply raises user's Defense.
Bide,NORMAL,Physical,—,—,10,User takes damage for two turns then strikes back double.
Bind,NORMAL,Physical,15,85,20,"Traps opponent, damaging them for 4-5 turns."
Bite,DARK,Physical,60,100,25,May cause flinching.
Blizzard,ICE,Special,110,70,5,May freeze opponent.
Body Slam,NORMAL,Physical,85,100,15,May paralyze opponent.
Bone Club,GROUND,Physical,65,85,20,May cause flinching.
Bonemerang,GROUND,Physical,50,90,10,Hits twice in one turn.
Bubble,WATER,Special,40,100,30,May lower opponent's Speed.
Bubble Beam,WATER,Special,65,100,20,May lower opponent's Speed.
Clamp,WATER,Physical,35,85,15,"Traps opponent, damaging them for 4-5 turns."
Comet Punch,NORMAL,Physical,18,85,15,Hits 2-5 times in one turn.
Confuse Ray,GHOST,Status,—,100,10,Confuses opponent.
Confusion,PSYCHIC,Special,50,100,25,May confuse opponent.
Constrict,NORMAL,Physical,10,100,35,May lower opponent's Speed by one stage.
Conversion,NORMAL,Status,—,—,30,Changes user's type to that of its first move.
Counter,FIGHTING,Physical,—,100,20,"When hit by a Physical Attack, user strikes back with 2x power."
Crabhammer,WATER,Physical,100,90,10,High critical hit ratio.
Cut,NORMAL,Physical,50,95,30,The target is cut with a scythe or claw.
Defense Curl,NORMAL,Status,—,—,40,Raises user's Defense.
Dig,GROUND,Physical,80,100,10,"Digs underground on first turn, attacks on second. Can also escape from caves."
Disable,NORMAL,Status,—,100,20,Opponent can't use its last attack for a few turns.
Dizzy Punch,NORMAL,Physical,70,100,10,May confuse opponent.
Double Kick,FIGHTING,Physical,30,100,30,Hits twice in one turn.
Double Slap,NORMAL,Physical,15,85,10,Hits 2-5 times in one turn.
Double Team,NORMAL,Status,—,—,15,Raises user's Evasiveness.
Double-Edge,NORMAL,Physical,120,100,15,User receives recoil damage.
Dragon Rage,DRAGON,Special,—,100,10,Always inflicts 40 HP.
Dream Eater,PSYCHIC,Status,100,100,15,User recovers half the HP inflicted on a sleeping opponent.
Drill Peck,FLYING,Physical,80,100,20,"A strong, spinning-peck attack."
Earthquake,GROUND,Physical,100,100,10,Power is doubled if opponent is underground from using Dig.
Egg Bomb,NORMAL,Physical,100,75,10,An egg is forcibly hurled at the foe.
Ember,FIRE,Special,40,100,25,May burn opponent.
Explosion,NORMAL,Physical,250,100,5,User faints.
Fire Blast,FIRE,Special,110,85,5,May burn opponent.
Fire Punch,FIRE,Physical,75,100,15,May burn opponent.
Fire Spin,FIRE,Special,35,85,15,"Traps opponent, damaging them for 4-5 turns."
Fissure,GROUND,Physical,—,30,5,"One-Hit-KO, if it hits."
Flamethrower,FIRE,Special,90,100,15,May burn opponent.
Flash,NORMAL,Status,—,100,20,Lowers opponent's Accuracy.
Fly,FLYING,Physical,90,95,15,"Flies up on first turn, attacks on second turn."
Focus Energy,NORMAL,Status,—,—,30,Increases critical hit ratio.
Fury Attack,NORMAL,Physical,15,85,20,Hits 2-5 times in one turn.
Fury Swipes,NORMAL,Physical,18,80,15,Hits 2-5 times in one turn.
Glare,NORMAL,Status,—,100,30,Paralyzes opponent.
Growl,NORMAL,Status,—,100,40,Lowers opponent's Attack.
Growth,NORMAL,Status,—,—,20,Raises user's Attack and Special Attack.
Guillotine,NORMAL,Physical,—,30,5,"One-Hit-KO, if it hits."
Gust,FLYING,Special,40,100,35,Hits Pokémon using Fly/Bounce/Sky Drop with double power.
Harden,NORMAL,Status,—,—,30,Raises user's Defense.
Haze,ICE,Status,—,—,30,Resets all stat changes.
Headbutt,NORMAL,Physical,70,100,15,May cause flinching.
High Jump Kick,FIGHTING,Physical,130,90,10,"If it misses, the user loses half their HP."
Horn Attack,NORMAL,Physical,65,100,25,An attack using a horn to jab.
Horn Drill,NORMAL,Physical,—,30,5,"One-Hit-KO, if it hits."
Hydro Pump,WATER,Special,110,80,5,Blasts water at high power to strike the foe.
Hyper Beam,NORMAL,Special,150,90,5,User must recharge next turn.
Hyper Fang,NORMAL,Physical,80,90,15,May cause flinching.
Hypnosis,PSYCHIC,Status,—,60,20,Puts opponent to sleep.
Ice Beam,ICE,Special,90,100,10,May freeze opponent.
Ice Punch,ICE,Physical,75,100,15,May freeze opponent.
Jump Kick,FIGHTING,Physical,100,95,10,"If it misses, the user loses half their HP."
Karate Chop,FIGHTING,Physical,50,100,25,High critical hit ratio.
Kinesis,PSYCHIC,Status,—,80,15,Lowers opponent's Accuracy.
Leech Life,BUG,Physical,80,100,10,User recovers half the HP inflicted on opponent.
Leech Seed,GRASS,Status,—,90,10,Drains HP from opponent each turn.
Leer,NORMAL,Status,—,100,30,Lowers opponent's Defense.
Lick,GHOST,Physical,30,100,30,May paralyze opponent.
Light Screen,PSYCHIC,Status,—,—,30,Halves damage from Special attacks for 5 turns.
Lovely Kiss,NORMAL,Status,—,75,10,Puts opponent to sleep.
Low Kick,FIGHTING,Physical,—,100,20,"The heavier the opponent, the stronger the attack."
Meditate,PSYCHIC,Status,—,—,40,Raises user's Attack.
Mega Drain,GRASS,Special,40,100,15,User recovers half the HP inflicted on opponent.
Mega Kick,NORMAL,Physical,120,75,5,
Mega Punch,NORMAL,Physical,80,85,20,
Metronome,NORMAL,Status,—,—,10,User performs almost any move in the game at random.
Mimic,NORMAL,Status,—,—,10,Copies the opponent's last move.
Minimize,NORMAL,Status,—,—,10,Sharply raises user's Evasiveness.
Mirror Move,FLYING,Status,—,—,20,User performs the opponent's last move.
Mist,ICE,Status,—,—,30,User's stats cannot be changed for a period of time.
Night Shade,GHOST,Special,—,100,15,Inflicts damage equal to user's level.
Pay Day,NORMAL,Physical,40,100,20,Money is earned after the battle.
Peck,FLYING,Physical,35,100,35,
Petal Dance,GRASS,Special,120,100,10,User attacks for 2-3 turns but then becomes confused.
Pin Missile,BUG,Physical,25,95,20,Hits 2-5 times in one turn.
Poison Gas,POISON,Status,—,90,40,Poisons opponent.
Poison Powder,POISON,Status,—,75,35,Poisons opponent.
Poison Sting,POISON,Physical,15,100,35,May poison the opponent.
Pound,NORMAL,Physical,40,100,35,
Psybeam,PSYCHIC,Special,65,100,20,May confuse opponent.
Psychic,PSYCHIC,Special,90,100,10,May lower opponent's Special Defense.
Psywave,PSYCHIC,Special,—,100,15,Inflicts damage 50-150% of user's level.
Quick Attack,NORMAL,Physical,40,100,30,User attacks first.
Rage,NORMAL,Physical,20,100,20,Raises user's Attack when hit.
Razor Leaf,GRASS,Physical,55,95,25,High critical hit ratio.
Razor Wind,NORMAL,Special,80,100,10,"Charges on first turn, attacks on second. High critical hit ratio."
Recover,NORMAL,Status,—,—,5,User recovers half its max HP.
Reflect,PSYCHIC,Status,—,—,20,Halves damage from Physical attacks for 5 turns.
Rest,PSYCHIC,Status,—,—,5,"User sleeps for 2 turns, but user is fully healed."
Roar,NORMAL,Status,—,—,20,"In battles, the opponent switches. In the wild, the Pokémon runs."
Rock Slide,ROCK,Physical,75,90,10,May cause flinching.
Rock Throw,ROCK,Physical,50,90,15,
Rolling Kick,FIGHTING,Physical,60,85,15,May cause flinching.
Sand Attack,GROUND,Status,—,100,15,Lowers opponent's Accuracy.
Scratch,NORMAL,Physical,40,100,35,
Screech,NORMAL,Status,—,85,40,Sharply lowers opponent's Defense.
Seismic Toss,FIGHTING,Physical,—,100,20,Inflicts damage equal to user's level.
Self-Destruct,NORMAL,Physical,200,100,5,User faints.
Sharpen,NORMAL,Status,—,—,30,Raises user's Attack.
Sing,NORMAL,Status,—,55,15,Puts opponent to sleep.
Skull Bash,NORMAL,Physical,130,100,10,"Raises Defense on first turn, attacks on second."
Sky Attack,FLYING,Physical,140,90,5,"Charges on first turn, attacks on second. May cause flinching. High critical hit ratio."
Slam,NORMAL,Physical,80,75,20,
Slash,NORMAL,Physical,70,100,20,High critical hit ratio.
Sleep Powder,GRASS,Status,—,75,15,Puts opponent to sleep.
Sludge,POISON,Special,65,100,20,May poison opponent.
Smog,POISON,Special,30,70,20,May poison opponent.
Smokescreen,NORMAL,Status,—,100,20,Lowers opponent's Accuracy.
Soft-Boiled,NORMAL,Status,—,—,5,User recovers half its max HP.
Solar Beam,GRASS,Special,120,100,10,"Charges on first turn, attacks on second."
Sonic Boom,NORMAL,Special,—,90,20,Always inflicts 20 HP.
Spike Cannon,NORMAL,Physical,20,100,15,Hits 2-5 times in one turn.
Splash,NORMAL,Status,—,—,40,Doesn't do ANYTHING.
Spore,GRASS,Status,—,100,15,Puts opponent to sleep.
Stomp,NORMAL,Physical,65,100,20,May cause flinching.
Strength,NORMAL,Physical,80,100,15,
String Shot,BUG,Status,—,95,40,Sharply lowers opponent's Speed.
Struggle,NORMAL,Physical,50,—,—,Only usable when all PP are gone. Hurts the user.
Stun Spore,GRASS,Special,—,75,30,Paralyzes opponent.
Submission,FIGHTING,Physical,80,80,20,User receives recoil damage.
Substitute,NORMAL,Special,—,—,10,Uses HP to creates a decoy that takes hits.
Super Fang,NORMAL,Physical,—,90,10,Always takes off half of the opponent's HP.
Supersonic,NORMAL,Status,—,55,20,Confuses opponent.
Surf,WATER,Special,90,100,15,Hits all adjacent Pokémon.
Swift,NORMAL,Special,60,∞,20,Ignores Accuracy and Evasiveness.
Swords Dance,NORMAL,Status,—,—,20,Sharply raises user's Attack.
Tackle,NORMAL,Physical,40,100,35,
Tail Whip,NORMAL,Status,—,100,30,Lowers opponent's Defense.
Take Down,NORMAL,Physical,90,85,20,User receives recoil damage.
Teleport,PSYCHIC,Status,—,—,20,Allows user to flee wild battles; also warps player to last PokéCenter.
Thrash,NORMAL,Physical,120,100,10,User attacks for 2-3 turns but then becomes confused.
Thunder,ELECTRIC,Special,110,70,10,May paralyze opponent.
Thunder Punch,ELECTRIC,Physical,75,100,15,May paralyze opponent.
Thunder Shock,ELECTRIC,Special,40,100,30,May paralyze opponent.
Thunder Wave,ELECTRIC,Status,—,90,20,Paralyzes opponent.
Thunderbolt,ELECTRIC,Special,90,100,15,May paralyze opponent.
Toxic,POISON,Status,—,90,10,Badly poisons opponent.
Transform,NORMAL,Status,—,—,10,User takes on the form and attacks of the opponent.
Tri Attack,NORMAL,Special,80,100,10,"May paralyze, burn or freeze opponent."
Twineedle,BUG,Physical,25,100,20,Hits twice in one turn. May poison opponent.
Vine Whip,GRASS,Physical,45,100,25,
Vise Grip,NORMAL,Physical,55,100,30,
Water Gun,WATER,Special,40,100,25,
Waterfall,WATER,Physical,80,100,15,May cause flinching.
Whirlwind,NORMAL,Status,—,—,20,"In battles, the opponent switches. In the wild, the Pokémon runs."
Wing Attack,FLYING,Physical,60,100,35,
Withdraw,WATER,Status,—,—,40,Raises user's Defense.
Wrap,NORMAL,Physical,15,90,20,"Traps opponent, damaging them for 4-5 turns."
Aromatic Mist,FAIRY,,—,—,20,Raises Special Defense of an ally.
Baby-Doll Eyes,FAIRY,,—,100,30,Always goes first. Lowers the target's attack.
Belch,POISON,,120,90,10,User must have consumed a Berry.
Boomburst,NORMAL,,140,100,10,Hits all adjacent Pokémon.
Celebrate,NORMAL,,—,—,40,The Pokémon congratulates you on your special day. No battle effect.
Confide,NORMAL,,—,—,20,Lowers opponent's Special Attack.
Crafty Shield,FAIRY,,—,—,10,Protects the Pokémon from status moves.
Dazzling Gleam,FAIRY,,80,100,10,Hits all adjacent opponents.
Diamond Storm,ROCK,,100,95,5,May sharply raise user's Defense.
Disarming Voice,FAIRY,,40,∞,15,Ignores Accuracy and Evasiveness.
Dragon Ascent,FLYING,,120,100,5,Lowers user's Defense and Special Defense.
Draining Kiss,FAIRY,,50,100,10,User recovers most the HP inflicted on opponent.
Eerie Impulse,ELECTRIC,,—,100,15,Sharply lowers opponent's Special Attack.
Electric Terrain,ELECTRIC,,—,—,10,Prevents all Pokémon from falling asleep for 5 turns.
Electrify,ELECTRIC,,—,—,20,Changes the target's move to Electric type.
Fairy Lock,FAIRY,,—,—,10,Prevents fleeing in the next turn.
Fairy Wind,FAIRY,,40,100,30,
Fell Stinger,BUG,,50,100,25,Drastically raises user's Attack if target is KO'd.
Flower Shield,FAIRY,,—,—,10,Sharply raises Defense of all Grass-type Pokémon on the field.
Flying Press,FIGHTING,,100,95,10,Deals Fighting and Flying type damage.
Forest's Curse,GRASS,,—,100,20,Adds Grass type to opponent.
Freeze-Dry,ICE,,70,100,20,May freeze opponent. Super-effective against Water types.
Geomancy,FAIRY,,—,—,10,"Charges on first turn, sharply raises user's Sp. Attack, Sp. Defense and Speed on the second."
Grassy Terrain,GRASS,,—,—,10,Restores a little HP of all Pokémon for 5 turns.
Happy Hour,NORMAL,,—,—,30,Doubles prize money from trainer battles.
Hold Back,NORMAL,,40,100,40,Always leaves opponent with at least 1 HP.
Hold Hands,NORMAL,,—,—,40,Makes the user and an ally very happy.
Hyperspace Fury,DARK,,100,∞,5,Lowers user's Defense. Can strike through Protect/Detect.
Hyperspace Hole,PSYCHIC,,80,∞,5,Can strike through Protect/Detect.
Infestation,BUG,,20,100,20,"Traps opponent, damaging them for 4-5 turns."
Ion Deluge,ELECTRIC,,—,—,25,Changes Normal-type moves to Electric-type.
King's Shield,STEEL,,—,—,10,Protects the user and lowers opponent's Attack on contact.
Land's Wrath,GROUND,,90,100,10,
Light of Ruin,FAIRY,,140,90,5,User receives recoil damage.
Magnetic Flux,ELECTRIC,,—,—,20,Raises Defense and Sp. Defense of Plus/Minus Pokémon.
Mat Block,FIGHTING,,—,—,10,Protects teammates from damaging moves.
Misty Terrain,FAIRY,,—,—,10,Protects the field from status conditions for 5 turns.
Moonblast,FAIRY,,95,100,15,May lower opponent's Special Attack.
Mystical Fire,FIRE,,75,100,10,Lowers opponent's Special Attack.
Noble Roar,NORMAL,,—,100,30,Lowers opponent's Attack and Special Attack.
Nuzzle,ELECTRIC,,20,100,20,Paralyzes opponent.
Oblivion Wing,FLYING,,80,100,10,User recovers most of the HP inflicted on opponent.
Origin Pulse,WATER,,110,85,10,Hits all adjacent opponents.
Parabolic Charge,ELECTRIC,,65,100,20,User recovers half the HP inflicted on opponent.
Parting Shot,DARK,,—,100,20,Lowers opponent's Attack and Special Attack then switches out.
Petal Blizzard,GRASS,,90,100,15,Hits all adjacent Pokémon.
Phantom Force,GHOST,,90,100,10,"Disappears on first turn, attacks on second. Can strike through Protect/Detect."
Play Nice,NORMAL,,—,—,20,Lowers opponent's Attack. Always hits.
Play Rough,FAIRY,,90,90,10,May lower opponent's Attack.
Powder,BUG,,—,100,20,Damages Pokémon using Fire type moves.
Power-Up Punch,FIGHTING,,40,100,20,Raises Attack.
Precipice Blades,GROUND,,120,85,10,Hits all adjacent opponents.
Rototiller,GROUND,,—,—,10,Raises Attack and Special Attack of Grass-types.
Spiky Shield,GRASS,,—,—,10,Protects the user and inflicts damage on contact.
Steam Eruption,WATER,,110,95,5,May burn opponent.
Sticky Web,BUG,,—,—,20,Lowers opponent's Speed when switching into battle.
Thousand Arrows,GROUND,,90,100,10,Makes Flying-type Pokémon vulnerable to Ground moves.
Thousand Waves,GROUND,,90,100,10,Opponent cannot flee or switch.
Topsy-Turvy,DARK,,—,—,20,Reverses stat changes of opponent.
Trick-or-Treat,GHOST,,—,100,20,Adds Ghost type to opponent.
Venom Drench,POISON,,—,100,20,Lowers poisoned opponent's Special Attack and Speed.
Water Shuriken,WATER,,15,100,20,Hits 2-5 times in one turn.
Aeroblast,FLYING,,100,95,5,High critical hit ratio.
Ancient Power,ROCK,,60,100,5,May raise all user's stats at once.
Attract,NORMAL,,—,100,15,"If opponent is the opposite gender, it's less likely to attack."
Baton Pass,NORMAL,,—,—,40,User switches out and gives stat changes to the incoming Pokémon.
Beat Up,DARK,,—,100,10,Each Pokémon in user's party attacks.
Belly Drum,NORMAL,,—,—,10,"User loses 50% of its max HP, but Attack raises to maximum."
Bone Rush,GROUND,,25,90,10,Hits 2-5 times in one turn.
Charm,FAIRY,,—,100,20,Sharply lowers opponent's Attack.
Conversion 2,NORMAL,,—,—,30,User changes type to become resistant to opponent's last move.
Cotton Spore,GRASS,,—,100,40,Sharply lowers opponent's Speed.
Cross Chop,FIGHTING,,100,80,5,High critical hit ratio.
Crunch,DARK,,80,100,15,May lower opponent's Defense.
Curse,GHOST,,—,—,10,"Ghosts lose 50% of max HP and curse the opponent; Non-Ghosts raise Attack, Defense and lower Speed."
Destiny Bond,GHOST,,—,—,5,"If the user faints, the opponent also faints."
Detect,FIGHTING,,—,—,5,"Protects the user, but may fail if used consecutively."
Dragon Breath,DRAGON,,60,100,20,May paralyze opponent.
Dynamic Punch,FIGHTING,,100,50,5,Confuses opponent.
Encore,NORMAL,,—,100,5,Forces opponent to keep using its last move for 3 turns.
Endure,NORMAL,,—,—,10,"Always left with at least 1 HP, but may fail if used consecutively."
Extreme Speed,NORMAL,,80,100,5,User attacks first.
False Swipe,NORMAL,,40,100,40,Always leaves opponent with at least 1 HP.
Feint Attack,DARK,,60,∞,20,Ignores Accuracy and Evasiveness.
Flail,NORMAL,,—,100,15,"The lower the user's HP, the higher the power."
Flame Wheel,FIRE,,60,100,25,May burn opponent.
Foresight,NORMAL,,—,—,40,"Resets opponent's Evasiveness, and allows Normal- and Fighting-type attacks to hit Ghosts."
Frustration,NORMAL,,—,100,20,Power decreases with higher Friendship.
Fury Cutter,BUG,,40,95,20,Power increases each turn.
Future Sight,PSYCHIC,,120,100,10,Damage occurs 2 turns later.
Giga Drain,GRASS,,75,100,10,User recovers half the HP inflicted on opponent.
Heal Bell,NORMAL,,—,—,5,Heals the user's party's status conditions.
Hidden Power,NORMAL,,60,100,15,Type and power depends on user's IVs.
Icy Wind,ICE,,55,95,15,Lowers opponent's Speed.
Iron Tail,STEEL,,100,75,15,May lower opponent's Defense.
Lock-On,NORMAL,,—,—,5,User's next attack is guaranteed to hit.
Mach Punch,FIGHTING,,40,100,30,User attacks first.
Magnitude,GROUND,,—,100,30,Hits with random power.
Mean Look,NORMAL,,—,—,5,Opponent cannot flee or switch.
Megahorn,BUG,,120,85,10,
Metal Claw,STEEL,,50,95,35,May raise user's Attack.
Milk Drink,NORMAL,,—,—,5,User recovers half its max HP.
Mind Reader,NORMAL,,—,—,5,User's next attack is guaranteed to hit.
Mirror Coat,PSYCHIC,,—,100,20,"When hit by a Special Attack, user strikes back with 2x power."
Moonlight,FAIRY,,—,—,5,User recovers HP. Amount varies with the weather.
Morning Sun,NORMAL,,—,—,5,User recovers HP. Amount varies with the weather.
Mud-Slap,GROUND,,20,100,10,Lowers opponent's Accuracy.
Nightmare,GHOST,,—,100,15,The sleeping opponent loses 25% of its max HP each turn.
Octazooka,WATER,,65,85,10,May lower opponent's Accuracy.
Outrage,DRAGON,,120,100,10,User attacks for 2-3 turns but then becomes confused.
Pain Split,NORMAL,,—,—,20,The user's and opponent's HP becomes the average of both.
Perish Song,NORMAL,,—,—,5,Any Pokémon in play when this attack is used faints in 3 turns.
Powder Snow,ICE,,40,100,25,May freeze opponent.
Present,NORMAL,,—,90,15,Either deals damage or heals.
Protect,NORMAL,,—,—,10,"Protects the user, but may fail if used consecutively."
Psych Up,NORMAL,,—,—,10,Copies the opponent's stat changes.
Pursuit,DARK,,40,100,20,Double power if the opponent is switching out.
Rain Dance,WATER,,—,—,5,Makes it rain for 5 turns.
Rapid Spin,NORMAL,,50,100,40,Raises user's Speed and removes entry hazards and trap move effects.
Return,NORMAL,,—,100,20,Power increases with higher Friendship.
Reversal,FIGHTING,,—,100,15,"The lower the user's HP, the higher the power."
Rock Smash,FIGHTING,,40,100,15,May lower opponent's Defense.
Rollout,ROCK,,30,90,20,Doubles in power each turn for 5 turns.
Sacred Fire,FIRE,,100,95,5,May burn opponent.
Safeguard,NORMAL,,—,—,25,The user's party is protected from status conditions.
Sandstorm,ROCK,,—,—,10,Creates a sandstorm for 5 turns.
Scary Face,NORMAL,,—,100,10,Sharply lowers opponent's Speed.
Shadow Ball,GHOST,,80,100,15,May lower opponent's Special Defense.
Sketch,NORMAL,,—,—,1,Permanently copies the opponent's last move.
Sleep Talk,NORMAL,,—,—,10,User performs one of its own moves while sleeping.
Sludge Bomb,POISON,,90,100,10,May poison opponent.
Snore,NORMAL,,50,100,15,Can only be used if asleep. May cause flinching.
Spark,ELECTRIC,,65,100,20,May paralyze opponent.
Spider Web,BUG,,—,—,10,Opponent cannot escape/switch.
Spikes,GROUND,,—,—,20,Hurts opponents when they switch into battle.
Spite,GHOST,,—,100,10,The opponent's last move loses 2-5 PP.
Steel Wing,STEEL,,70,90,25,May raise user's Defense.
Sunny Day,FIRE,,—,—,5,Makes it sunny for 5 turns.
Swagger,NORMAL,,—,85,15,"Confuses opponent, but sharply raises its Attack."
Sweet Kiss,FAIRY,,—,75,10,Confuses opponent.
Sweet Scent,NORMAL,,—,100,20,Lowers opponent's Evasiveness.
Synthesis,GRASS,,—,—,5,User recovers HP. Amount varies with the weather.
Thief,DARK,,60,100,25,Also steals opponent's held item.
Triple Kick,FIGHTING,,10,90,10,Hits thrice in one turn at increasing power.
Twister,DRAGON,,40,100,20,May cause flinching. Hits Pokémon using Fly/Bounce with double power.
Vital Throw,FIGHTING,,70,∞,10,"User attacks last, but ignores Accuracy and Evasiveness."
Whirlpool,WATER,,35,85,15,"Traps opponent, damaging them for 4-5 turns."
Zap Cannon,ELECTRIC,,120,50,5,Paralyzes opponent.
Aerial Ace,FLYING,,60,∞,20,Ignores Accuracy and Evasiveness.
Air Cutter,FLYING,,60,95,25,High critical hit ratio.
Arm Thrust,FIGHTING,,15,100,20,Hits 2-5 times in one turn.
Aromatherapy,GRASS,,—,—,5,Cures all status problems in your party.
Assist,NORMAL,,—,—,20,User performs a move known by its allies at random.
Astonish,GHOST,,30,100,15,May cause flinching.
Blast Burn,FIRE,,150,90,5,User must recharge next turn.
Blaze Kick,FIRE,,85,90,10,High critical hit ratio. May burn opponent.
Block,NORMAL,,—,—,5,Opponent cannot flee or switch.
Bounce,FLYING,,85,85,5,"Springs up on first turn, attacks on second. May paralyze opponent."
Brick Break,FIGHTING,,75,100,15,Breaks through Reflect and Light Screen barriers.
Bulk Up,FIGHTING,,—,—,20,Raises user's Attack and Defense.
Bullet Seed,GRASS,,25,100,30,Hits 2-5 times in one turn.
Calm Mind,PSYCHIC,,—,—,20,Raises user's Special Attack and Special Defense.
Camouflage,NORMAL,,—,—,20,Changes user's type according to the location.
Charge,ELECTRIC,,—,—,20,Raises user's Special Defense and next Electric move's power increases.
Cosmic Power,PSYCHIC,,—,—,20,Raises user's Defense and Special Defense.
Covet,NORMAL,,60,100,25,Opponent's item is stolen by the user.
Crush Claw,NORMAL,,75,95,10,May lower opponent's Defense.
Dive,WATER,,80,100,10,"Dives underwater on first turn, attacks on second turn."
Doom Desire,STEEL,,140,100,5,Damage occurs 2 turns later.
Dragon Claw,DRAGON,,80,100,15,
Dragon Dance,DRAGON,,—,—,20,Raises user's Attack and Speed.
Endeavor,NORMAL,,—,100,5,Reduces opponent's HP to same as user's.
Eruption,FIRE,,150,100,5,Stronger when the user's HP is higher.
Extrasensory,PSYCHIC,,80,100,20,May cause flinching.
Facade,NORMAL,,70,100,20,"Power doubles if user is burned, poisoned, or paralyzed."
Fake Out,NORMAL,,40,100,10,"User attacks first, foe flinches. Only usable on first turn."
Fake Tears,DARK,,—,100,20,Sharply lowers opponent's Special Defense.
Feather Dance,FLYING,,—,100,15,Sharply lowers opponent's Attack.
Flatter,DARK,,—,100,15,"Confuses opponent, but raises its Special Attack."
Focus Punch,FIGHTING,,150,100,20,"If the user is hit before attacking, it flinches instead."
Follow Me,NORMAL,,—,—,20,"In Double Battle, the user takes all the attacks."
Frenzy Plant,GRASS,,150,90,5,User must recharge next turn.
Grass Whistle,GRASS,,—,55,15,Puts opponent to sleep.
Grudge,GHOST,,—,—,5,"If the users faints after using this move, the PP for the opponent's last move is depleted."
Hail,ICE,,—,—,10,Non-Ice types are damaged for 5 turns.
Heat Wave,FIRE,,95,90,10,May burn opponent.
Helping Hand,NORMAL,,—,—,20,"In Double Battles, boosts the power of the partner's move."
Howl,NORMAL,,—,—,40,Raises Attack of allies.
Hydro Cannon,WATER,,150,90,5,User must recharge next turn.
Hyper Voice,NORMAL,,90,100,10,
Ice Ball,ICE,,30,90,20,Doubles in power each turn for 5 turns.
Icicle Spear,ICE,,25,100,30,Hits 2-5 times in one turn.
Imprison,PSYCHIC,,—,—,10,Opponent is unable to use moves that the user also knows.
Ingrain,GRASS,,—,—,20,User restores HP each turn. User cannot escape/switch.
Iron Defense,STEEL,,—,—,15,Sharply raises user's Defense.
Knock Off,DARK,,65,100,20,Removes opponent's held item for the rest of the battle.
Leaf Blade,GRASS,,90,100,15,High critical hit ratio.
Luster Purge,PSYCHIC,,70,100,5,May lower opponent's Special Defense.
Magic Coat,PSYCHIC,,—,—,15,Reflects moves that cause status conditions back to the attacker.
Magical Leaf,GRASS,,60,∞,20,Ignores Accuracy and Evasiveness.
Memento,DARK,,—,100,10,"User faints, sharply lowers opponent's Attack and Special Attack."
Metal Sound,STEEL,,—,85,40,Sharply lowers opponent's Special Defense.
Meteor Mash,STEEL,,90,90,10,May raise user's Attack.
Mist Ball,PSYCHIC,,70,100,5,May lower opponent's Special Attack.
Mud Shot,GROUND,,55,95,15,Lowers opponent's Speed.
Mud Sport,GROUND,,—,—,15,Weakens the power of Electric-type moves.
Muddy Water,WATER,,90,85,10,May lower opponent's Accuracy.
Nature Power,NORMAL,,—,—,20,Uses a certain move based on the current terrain.
Needle Arm,GRASS,,60,100,15,May cause flinching.
Odor Sleuth,NORMAL,,—,—,40,"Resets opponent's Evasiveness, and allows Normal- and Fighting-type attacks to hit Ghosts."
Overheat,FIRE,,130,90,5,Sharply lowers user's Special Attack.
Poison Fang,POISON,,50,100,15,May badly poison opponent.
Poison Tail,POISON,,50,100,25,High critical hit ratio. May poison opponent.
Psycho Boost,PSYCHIC,,140,90,5,Sharply lowers user's Special Attack.
Recycle,NORMAL,,—,—,10,User's used hold item is restored.
Refresh,NORMAL,,—,—,20,"Cures paralysis, poison, and burns."
Revenge,FIGHTING,,60,100,10,Power increases if user was hit first.
Rock Blast,ROCK,,25,90,10,Hits 2-5 times in one turn.
Rock Tomb,ROCK,,60,95,15,Lowers opponent's Speed.
Role Play,PSYCHIC,,—,—,10,User copies the opponent's Ability.
Sand Tomb,GROUND,,35,85,15,"Traps opponent, damaging them for 4-5 turns."
Secret Power,NORMAL,,70,100,20,Effects of the attack vary with the location.
Shadow Punch,GHOST,,60,∞,20,Ignores Accuracy and Evasiveness.
Sheer Cold,ICE,,—,30,5,"One-Hit-KO, if it hits."
Shock Wave,ELECTRIC,,60,∞,20,Ignores Accuracy and Evasiveness.
Signal Beam,BUG,,75,100,15,May confuse opponent.
Silver Wind,BUG,,60,100,5,May raise all stats of user at once.
Skill Swap,PSYCHIC,,—,—,10,The user swaps Abilities with the opponent.
Sky Uppercut,FIGHTING,,85,90,15,"Hits the opponent, even during Fly."
Slack Off,NORMAL,,—,—,5,User recovers half its max HP.
Smelling Salts,NORMAL,,70,100,10,"Power doubles if opponent is paralyzed, but cures it."
Snatch,DARK,,—,—,10,Steals the effects of the opponent's next move.
Spit Up,NORMAL,,—,100,10,Power depends on how many times the user performed Stockpile.
Stockpile,NORMAL,,—,—,20,Stores energy for use with Spit Up and Swallow.
Superpower,FIGHTING,,120,100,5,Lowers user's Attack and Defense.
Swallow,NORMAL,,—,—,10,"The more times the user has performed Stockpile, the more HP is recovered."
Tail Glow,BUG,,—,—,20,Drastically raises user's Special Attack.
Taunt,DARK,,—,100,20,Opponent can only use moves that attack.
Teeter Dance,NORMAL,,—,100,20,Confuses all Pokémon.
Tickle,NORMAL,,—,100,20,Lowers opponent's Attack and Defense.
Torment,DARK,,—,100,15,Opponent cannot use the same move in a row.
Trick,PSYCHIC,,—,100,10,Swaps held items with the opponent.
Uproar,NORMAL,,90,100,10,User attacks for 3 turns and prevents sleep.
Volt Tackle,ELECTRIC,,120,100,15,User receives recoil damage. May paralyze opponent.
Water Pulse,WATER,,60,100,20,May confuse opponent.
Water Sport,WATER,,—,—,15,Weakens the power of Fire-type moves.
Water Spout,WATER,,150,100,5,"The higher the user's HP, the higher the damage caused."
Weather Ball,NORMAL,,50,100,10,Move's power and type changes with the weather.
Will-O-Wisp,FIRE,,—,85,15,Burns opponent.
Wish,NORMAL,,—,—,10,The user recovers HP in the following turn.
Yawn,NORMAL,,—,—,10,Puts opponent to sleep in the next turn.
