id,name,exp,Maximum HP,Attack,SpAttack,Defense,Speed,SpDefense,Attribute1,Attribute2,sound,graphic,evolve,height,weight,catchrate,against_bug,against_dark,against_dragon,against_electric,against_fairy,against_fight,against_fire,against_flying,against_ghost,against_grass,against_ground,against_ice,against_normal,against_poison,against_psychic,against_rock,against_steel,against_water,experience_type
1,Bulbasaur,64,45,49,65,49,45,65,Grass,Poison,pv001,Bulbasaur,Ivysaur/16,0.7,6.9,45,1,1,1,0.5,0.5,0.5,2,2,1,0.25,1,2,1,1,2,1,1,0.5,Medium Slow
2,Ivysaur,142,60,62,80,63,60,80,Grass,Poison,pv002,Ivysaur,Venusaur/32,1,13,45,1,1,1,0.5,0.5,0.5,2,2,1,0.25,1,2,1,1,2,1,1,0.5,Medium Slow
3,Venusaur,263,80,82,100,83,80,100,Grass,Poison,pv003,Venusaur,-,2,100,45,1,1,1,0.5,0.5,0.5,2,2,1,0.25,1,2,1,1,2,1,1,0.5,Medium Slow
4,Charmander,62,39,52,60,43,65,50,Fire,,pv004,Charmander,Charmeleon/16,0.6,8.5,45,0.5,1,1,1,0.5,1,0.5,1,1,0.5,2,0.5,1,1,1,2,0.5,2,Medium Slow
5,Charmeleon,142,58,64,80,58,80,65,Fire,,pv005,Charmeleon,Charizard/36,1.1,19,45,0.5,1,1,1,0.5,1,0.5,1,1,0.5,2,0.5,1,1,1,2,0.5,2,Medium Slow
6,Charizard,267,78,84,109,78,100,85,Fire,Flying,pv006,Charizard,-,1.7,90.5,45,0.25,1,1,2,0.5,0.5,0.5,1,1,0.25,0,1,1,1,1,4,0.5,2,Medium Slow
7,Squirtle,63,44,48,50,65,43,64,Water,,pv007,Squirtle,Wartortle/16,0.5,9,45,1,1,1,2,1,1,0.5,1,1,2,1,0.5,1,1,1,1,0.5,0.5,Medium Slow
8,Wartortle,142,59,63,65,80,58,80,Water,,pv008,Wartortle,Blastoise/36,1,22.5,45,1,1,1,2,1,1,0.5,1,1,2,1,0.5,1,1,1,1,0.5,0.5,Medium Slow
9,Blastoise,265,79,83,85,100,78,105,Water,,pv009,Blastoise,-,1.6,85.5,45,1,1,1,2,1,1,0.5,1,1,2,1,0.5,1,1,1,1,0.5,0.5,Medium Slow
10,Caterpie,39,45,30,20,35,45,20,Bug,,pv010,Caterpie,Metapod/7,0.3,2.9,255,1,1,1,1,1,0.5,2,2,1,0.5,0.5,1,1,1,1,2,1,1,Medium Fast
11,Metapod,72,50,20,25,55,30,25,Bug,,pv011,Metapod,Butterfree/10,0.7,9.9,120,1,1,1,1,1,0.5,2,2,1,0.5,0.5,1,1,1,1,2,1,1,Medium Fast
12,Butterfree,198,60,45,90,50,70,80,Bug,Flying,pv012,Butterfree,-,1.1,32,45,0.5,1,1,2,1,0.25,2,2,1,0.25,0,2,1,1,1,4,1,1,Medium Fast
13,Weedle,39,40,35,20,30,50,20,Bug,Poison,pv013,Weedle,Kakuna/7,0.3,3.2,255,0.5,1,1,1,0.5,0.25,2,2,1,0.25,1,1,1,0.5,2,2,1,1,Medium Fast
14,Kakuna,72,45,25,25,50,35,25,Bug,Poison,pv014,Kakuna,Beedrill/10,0.6,10,120,0.5,1,1,1,0.5,0.25,2,2,1,0.25,1,1,1,0.5,2,2,1,1,Medium Fast
15,Beedrill,198,65,90,45,40,75,80,Bug,Poison,pv015,Beedrill,-,1,29.5,45,0.5,1,1,1,0.5,0.25,2,2,1,0.25,1,1,1,0.5,2,2,1,1,Medium Fast
16,Pidgey,50,40,45,35,40,56,35,Normal,Flying,pv016,Pidgey,Pidgeotto/18,0.3,1.8,255,0.5,1,1,2,1,1,1,1,0,0.5,0,2,1,1,1,2,1,1,Medium Slow
17,Pidgeotto,122,63,60,50,55,71,50,Normal,Flying,pv017,Pidgeotto,Pidgeot/36,1.1,30,120,0.5,1,1,2,1,1,1,1,0,0.5,0,2,1,1,1,2,1,1,Medium Slow
18,Pidgeot,240,83,80,70,75,101,70,Normal,Flying,pv018,Pidgeot,-,1.5,39.5,45,0.5,1,1,2,1,1,1,1,0,0.5,0,2,1,1,1,2,1,1,Medium Slow
19,Rattata,51,30,56,25,35,72,35,Normal,,pv019,Rattata,Raticate/20,0.3,,255,1,1,1,1,1,2,1,1,0,1,1,1,1,1,1,1,1,1,Medium Fast
20,Raticate,145,55,81,50,60,97,70,Normal,,pv020,Raticate,-,0.71,,127,1,1,1,1,1,2,1,1,0,1,1,1,1,1,1,1,1,1,Medium Fast
21,Spearow,52,40,60,31,30,70,31,Normal,Flying,pv021,Spearow,Fearow/20,0.3,2,255,0.5,1,1,2,1,1,1,1,0,0.5,0,2,1,1,1,2,1,1,Medium Fast
22,Fearow,155,65,90,61,65,100,61,Normal,Flying,pv022,Fearow,-,1.2,38,90,0.5,1,1,2,1,1,1,1,0,0.5,0,2,1,1,1,2,1,1,Medium Fast
23,Ekans,58,35,60,40,44,55,54,Poison,,pv023,Ekans,Arbok/22,2,6.9,255,0.5,1,1,1,0.5,0.5,1,1,1,0.5,2,1,1,0.5,2,1,1,1,Medium Fast
24,Arbok,157,60,95,65,69,80,79,Poison,,pv024,Arbok,-,3.5,65,90,0.5,1,1,1,0.5,0.5,1,1,1,0.5,2,1,1,0.5,2,1,1,1,Medium Fast
25,Pikachu,112,35,55,50,40,90,50,Electric,,pv025,Pikachu,Raichu,0.4,6,190,1,1,1,0.5,1,1,1,0.5,1,1,2,1,1,1,1,1,0.5,1,Medium Fast
26,Raichu,243,60,90,90,55,110,80,Electric,,pv026,Raichu,-,0.78,,75,1,1,1,0.5,1,1,1,0.5,1,1,2,1,1,1,1,1,0.5,1,Medium Fast
27,Sandshrew,60,50,75,20,85,40,30,Ground,,pv027,Sandshrew,Sandslash/22,0.61,,255,1,1,1,0,1,1,1,1,1,2,1,2,1,0.5,1,0.5,1,2,Medium Fast
28,Sandslash,158,75,100,45,110,65,55,Ground,,pv028,Sandslash,-,0.99,,90,1,1,1,0,1,1,1,1,1,2,1,2,1,0.5,1,0.5,1,2,Medium Fast
29,NidoranFemale,55,55,47,40,52,41,40,Poison,,pv029,NidoranFemale,Nidorina/16,0.4,7,235,0.5,1,1,1,0.5,0.5,1,1,1,0.5,2,1,1,0.5,2,1,1,1,Medium Slow
30,Nidorina,128,70,62,55,67,56,55,Poison,,pv030,Nidorina,Nidoqueen,0.8,20,120,0.5,1,1,1,0.5,0.5,1,1,1,0.5,2,1,1,0.5,2,1,1,1,Medium Slow
31,Nidoqueen,253,90,92,75,87,76,85,Poison,Ground,pv031,Nidoqueen,-,1.3,60,45,0.5,1,1,0,0.5,0.5,1,1,1,1,2,2,1,0.25,2,0.5,1,2,Medium Slow
32,NidoranMale,55,46,57,40,40,50,40,Poison,,pv032,NidoranMale,Nidorino/16,0.5,9,235,0.5,1,1,1,0.5,0.5,1,1,1,0.5,2,1,1,0.5,2,1,1,1,Medium Slow
33,Nidorino,128,61,72,55,57,65,55,Poison,,pv033,Nidorino,Nidoking,0.9,19.5,120,0.5,1,1,1,0.5,0.5,1,1,1,0.5,2,1,1,0.5,2,1,1,1,Medium Slow
34,Nidoking,253,81,102,85,77,85,75,Poison,Ground,pv034,Nidoking,-,1.4,62,45,0.5,1,1,0,0.5,0.5,1,1,1,1,2,2,1,0.25,2,0.5,1,2,Medium Slow
35,Clefairy,113,70,45,60,48,35,65,Fairy,,pv035,Clefairy,Clefable,0.6,7.5,150,0.5,0.5,0,1,1,0.5,1,1,1,1,1,1,1,2,1,1,2,1,Fast
36,Clefable,242,95,70,95,73,60,90,Fairy,,pv036,Clefable,-,1.3,40,25,0.5,0.5,0,1,1,0.5,1,1,1,1,1,1,1,2,1,1,2,1,Fast
37,Vulpix,60,38,41,50,40,65,65,Fire,,pv037,Vulpix,Ninetales,0.61,,190,0.5,1,1,1,0.5,1,0.5,1,1,0.5,2,0.5,1,1,1,2,0.5,2,Medium Fast
38,Ninetales,177,73,76,81,75,100,100,Fire,,pv038,Ninetales,-,1.09,,75,0.5,1,1,1,0.5,1,0.5,1,1,0.5,2,0.5,1,1,1,2,0.5,2,Medium Fast
39,Jigglypuff,95,115,45,45,20,20,25,Normal,Fairy,pv039,Jigglypuff,Wigglytuff,0.5,5.5,170,0.5,0.5,0,1,1,1,1,1,0,1,1,1,1,2,1,1,2,1,Fast
40,Wigglytuff,218,140,70,85,45,45,50,Normal,Fairy,pv040,Wigglytuff,-,1,12,50,0.5,0.5,0,1,1,1,1,1,0,1,1,1,1,2,1,1,2,1,Fast
41,Zubat,49,40,45,30,35,55,40,Poison,Flying,pv041,Zubat,Golbat/22,0.8,7.5,255,0.25,1,1,2,0.5,0.25,1,1,1,0.25,0,2,1,0.5,2,2,1,1,Medium Fast
42,Golbat,159,75,80,65,70,90,75,Poison,Flying,pv042,Golbat,-,1.6,55,90,0.25,1,1,2,0.5,0.25,1,1,1,0.25,0,2,1,0.5,2,2,1,1,Medium Fast
43,Oddish,64,45,50,75,55,30,65,Grass,Poison,pv043,Oddish,Gloom/21,0.5,5.4,255,1,1,1,0.5,0.5,0.5,2,2,1,0.25,1,2,1,1,2,1,1,0.5,Medium Slow
44,Gloom,138,60,65,85,70,40,75,Grass,Poison,pv044,Gloom,Vileplume,0.8,8.6,120,1,1,1,0.5,0.5,0.5,2,2,1,0.25,1,2,1,1,2,1,1,0.5,Medium Slow
45,Vileplume,245,75,80,110,85,50,90,Grass,Poison,pv045,Vileplume,-,1.2,18.6,45,1,1,1,0.5,0.5,0.5,2,2,1,0.25,1,2,1,1,2,1,1,0.5,Medium Slow
46,Paras,57,35,70,45,55,25,55,Bug,Grass,pv046,Paras,Parasect/24,0.3,5.4,190,2,1,1,0.5,1,0.5,4,4,1,0.25,0.25,2,1,2,1,2,1,0.5,Medium Fast
47,Parasect,142,60,95,60,80,30,80,Bug,Grass,pv047,Parasect,-,1,29.5,75,2,1,1,0.5,1,0.5,4,4,1,0.25,0.25,2,1,2,1,2,1,0.5,Medium Fast
48,Venonat,61,60,55,40,50,45,55,Bug,Poison,pv048,Venonat,Venomoth/31,1,30,190,0.5,1,1,1,0.5,0.25,2,2,1,0.25,1,1,1,0.5,2,2,1,1,Medium Fast
49,Venomoth,158,70,65,90,60,90,75,Bug,Poison,pv049,Venomoth,-,1.5,12.5,75,0.5,1,1,1,0.5,0.25,2,2,1,0.25,1,1,1,0.5,2,2,1,1,Medium Fast
50,Diglett,53,10,55,35,25,95,45,Ground,,pv050,Diglett,Dugtrio/26,0.2,,255,1,1,1,0,1,1,1,1,1,2,1,2,1,0.5,1,0.5,1,2,Medium Fast
51,Dugtrio,149,35,100,50,50,120,70,Ground,,pv051,Dugtrio,-,0.71,,50,1,1,1,0,1,1,1,1,1,2,1,2,1,0.5,1,0.5,1,2,Medium Fast
52,Meowth,58,40,45,40,35,90,40,Normal,,pv052,Meowth,Persian/28,0.4,,255,1,1,1,1,1,2,1,1,0,1,1,1,1,1,1,1,1,1,Medium Fast
53,Persian,154,65,70,65,60,115,65,Normal,,pv053,Persian,-,1.1,,90,1,1,1,1,1,2,1,1,0,1,1,1,1,1,1,1,1,1,Medium Fast
54,Psyduck,64,50,52,65,48,55,50,Water,,pv054,Psyduck,Golduck/33,0.8,19.6,190,1,1,1,2,1,1,0.5,1,1,2,1,0.5,1,1,1,1,0.5,0.5,Medium Fast
55,Golduck,175,80,82,95,78,85,80,Water,,pv055,Golduck,-,1.7,76.6,75,1,1,1,2,1,1,0.5,1,1,2,1,0.5,1,1,1,1,0.5,0.5,Medium Fast
56,Mankey,61,40,80,35,35,70,45,Fighting,,pv056,Mankey,Primeape/28,0.5,28,190,0.5,0.5,1,1,2,1,1,2,1,1,1,1,1,1,2,0.5,1,1,Medium Fast
57,Primeape,159,65,105,60,60,95,70,Fighting,,pv057,Primeape,-,1,32,75,0.5,0.5,1,1,2,1,1,2,1,1,1,1,1,1,2,0.5,1,1,Medium Fast
58,Growlithe,70,55,70,70,45,60,50,Fire,,pv058,Growlithe,Arcanine,0.7,19,190,0.5,1,1,1,0.5,1,0.5,1,1,0.5,2,0.5,1,1,1,2,0.5,2,Slow
59,Arcanine,194,90,110,100,80,95,80,Fire,,pv059,Arcanine,-,1.9,155,75,0.5,1,1,1,0.5,1,0.5,1,1,0.5,2,0.5,1,1,1,2,0.5,2,Slow
60,Poliwag,60,40,50,40,40,90,40,Water,,pv060,Poliwag,Poliwhirl/25,0.6,12.4,255,1,1,1,2,1,1,0.5,1,1,2,1,0.5,1,1,1,1,0.5,0.5,Medium Slow
61,Poliwhirl,135,65,65,50,65,90,50,Water,,pv061,Poliwhirl,Poliwrath,1,20,120,1,1,1,2,1,1,0.5,1,1,2,1,0.5,1,1,1,1,0.5,0.5,Medium Slow
62,Poliwrath,255,90,95,70,95,70,90,Water,Fighting,pv062,Poliwrath,-,1.3,54,45,0.5,0.5,1,2,2,1,0.5,2,1,2,1,0.5,1,1,2,0.5,0.5,0.5,Medium Slow
63,Abra,62,25,20,105,15,90,55,Psychic,,pv063,Abra,Kadabra/16,0.9,19.5,200,2,2,1,1,1,0.5,1,1,2,1,1,1,1,1,0.5,1,1,1,Medium Slow
64,Kadabra,140,40,35,120,30,105,70,Psychic,,pv064,Kadabra,Alakazam,1.3,56.5,100,2,2,1,1,1,0.5,1,1,2,1,1,1,1,1,0.5,1,1,1,Medium Slow
65,Alakazam,250,55,50,135,45,120,95,Psychic,,pv065,Alakazam,-,1.5,48,50,2,2,1,1,1,0.5,1,1,2,1,1,1,1,1,0.5,1,1,1,Medium Slow
66,Machop,61,70,80,35,50,35,35,Fighting,,pv066,Machop,Machoke/28,0.8,19.5,180,0.5,0.5,1,1,2,1,1,2,1,1,1,1,1,1,2,0.5,1,1,Medium Slow
67,Machoke,142,80,100,50,70,45,60,Fighting,,pv067,Machoke,Machamp,1.5,70.5,90,0.5,0.5,1,1,2,1,1,2,1,1,1,1,1,1,2,0.5,1,1,Medium Slow
68,Machamp,253,90,130,65,80,55,85,Fighting,,pv068,Machamp,-,1.6,130,45,0.5,0.5,1,1,2,1,1,2,1,1,1,1,1,1,2,0.5,1,1,Medium Slow
69,Bellsprout,60,50,75,70,35,40,30,Grass,Poison,pv069,Bellsprout,Weepinbell/21,0.7,4,255,1,1,1,0.5,0.5,0.5,2,2,1,0.25,1,2,1,1,2,1,1,0.5,Medium Slow
70,Weepinbell,137,65,90,85,50,55,45,Grass,Poison,pv070,Weepinbell,Victreebel,1,6.4,120,1,1,1,0.5,0.5,0.5,2,2,1,0.25,1,2,1,1,2,1,1,0.5,Medium Slow
71,Victreebel,245,80,105,100,65,70,70,Grass,Poison,pv071,Victreebel,-,1.7,15.5,45,1,1,1,0.5,0.5,0.5,2,2,1,0.25,1,2,1,1,2,1,1,0.5,Medium Slow
72,Tentacool,67,40,40,50,35,70,100,Water,Poison,pv072,Tentacool,Tentacruel/30,0.9,45.5,190,0.5,1,1,2,0.5,0.5,0.5,1,1,1,2,0.5,1,0.5,2,1,0.5,0.5,Slow
73,Tentacruel,180,80,70,80,65,100,120,Water,Poison,pv073,Tentacruel,-,1.6,55,60,0.5,1,1,2,0.5,0.5,0.5,1,1,1,2,0.5,1,0.5,2,1,0.5,0.5,Slow
74,Geodude,60,40,80,30,100,20,30,Rock,Ground,pv074,Geodude,Graveler/25,0.4,,255,1,1,1,0,1,2,0.5,0.5,1,4,2,2,0.5,0.25,1,0.5,2,4,Medium Slow
75,Graveler,137,55,95,45,115,35,45,Rock,Ground,pv075,Graveler,Golem,0.99,,120,1,1,1,0,1,2,0.5,0.5,1,4,2,2,0.5,0.25,1,0.5,2,4,Medium Slow
76,Golem,248,80,120,55,130,45,65,Rock,Ground,pv076,Golem,-,1.4,,45,1,1,1,0,1,2,0.5,0.5,1,4,2,2,0.5,0.25,1,0.5,2,4,Medium Slow
77,Ponyta,82,50,85,65,55,90,65,Fire,,pv077,Ponyta,Rapidash/40,1,30,190,0.5,1,1,1,0.5,1,0.5,1,1,0.5,2,0.5,1,1,1,2,0.5,2,Medium Fast
78,Rapidash,175,65,100,80,70,105,80,Fire,,pv078,Rapidash,-,1.7,95,60,0.5,1,1,1,0.5,1,0.5,1,1,0.5,2,0.5,1,1,1,2,0.5,2,Medium Fast
79,Slowpoke,63,90,65,40,65,15,40,Water,Psychic,pv079,Slowpoke,Slowbro,1.2,36,190,2,2,1,2,1,0.5,0.5,1,2,2,1,0.5,1,1,0.5,1,0.5,0.5,Medium Fast
80,Slowbro,172,95,75,100,110,30,80,Water,Psychic,pv080,Slowbro,-,1.6,78.5,75,2,2,1,2,1,0.5,0.5,1,2,2,1,0.5,1,1,0.5,1,0.5,0.5,Medium Fast
81,Magnemite,65,25,35,95,70,45,55,Electric,Steel,pv081,Magnemite,Magneton,0.3,6,190,0.5,1,0.5,0.5,0.5,2,2,0.25,1,0.5,4,0.5,0.5,0,0.5,0.5,0.25,1,Medium Fast
82,Magneton,163,50,60,120,95,70,70,Electric,Steel,pv082,Magneton,-,1,60,60,0.5,1,0.5,0.5,0.5,2,2,0.25,1,0.5,4,0.5,0.5,0,0.5,0.5,0.25,1,Medium Fast
83,Farfetch'd,132,52,90,58,55,60,62,Normal,Flying,pv083,Farfetch'd,-,0.8,15,45,0.5,1,1,2,1,1,1,1,0,0.5,0,2,1,1,1,2,1,1,Medium Fast
84,Doduo,62,35,85,35,45,75,35,Normal,Flying,pv084,Doduo,Dodrio/31,1.4,39.2,190,0.5,1,1,2,1,1,1,1,0,0.5,0,2,1,1,1,2,1,1,Medium Fast
85,Dodrio,165,60,110,60,70,110,60,Normal,Flying,pv085,Dodrio,-,1.8,85.2,45,0.5,1,1,2,1,1,1,1,0,0.5,0,2,1,1,1,2,1,1,Medium Fast
86,Seel,65,65,45,45,55,45,70,Water,,pv086,Seel,Dewgong/34,1.1,90,190,1,1,1,2,1,1,0.5,1,1,2,1,0.5,1,1,1,1,0.5,0.5,Medium Fast
87,Dewgong,166,90,70,70,80,70,95,Water,Ice,pv087,Dewgong,-,1.7,120,75,1,1,1,2,1,2,1,1,1,2,1,0.25,1,1,1,2,1,0.5,Medium Fast
88,Grimer,65,80,80,40,50,25,50,Poison,,pv088,Grimer,Muk/38,0.9,,190,0.5,1,1,1,0.5,0.5,1,1,1,0.5,2,1,1,0.5,2,1,1,1,Medium Fast
89,Muk,175,105,105,65,75,50,100,Poison,,pv089,Muk,-,1.19,,75,0.5,1,1,1,0.5,0.5,1,1,1,0.5,2,1,1,0.5,2,1,1,1,Medium Fast
90,Shellder,61,30,65,45,100,40,25,Water,,pv090,Shellder,Cloyster,0.3,4,190,1,1,1,2,1,1,0.5,1,1,2,1,0.5,1,1,1,1,0.5,0.5,Slow
91,Cloyster,184,50,95,85,180,70,45,Water,Ice,pv091,Cloyster,-,1.5,132.5,60,1,1,1,2,1,2,1,1,1,2,1,0.25,1,1,1,2,1,0.5,Slow
92,Gastly,62,30,35,100,30,80,35,Ghost,Poison,pv092,Gastly,Haunter/25,1.3,0.1,190,0.25,2,1,1,0.5,0,1,1,2,0.5,2,1,0,0.25,2,1,1,1,Medium Slow
93,Haunter,142,45,50,115,45,95,55,Ghost,Poison,pv093,Haunter,Gengar,1.6,0.1,90,0.25,2,1,1,0.5,0,1,1,2,0.5,2,1,0,0.25,2,1,1,1,Medium Slow
94,Gengar,250,60,65,130,60,110,75,Ghost,Poison,pv094,Gengar,-,1.5,40.5,45,0.25,2,1,1,0.5,0,1,1,2,0.5,2,1,0,0.25,2,1,1,1,Medium Slow
95,Onix,77,35,45,30,160,70,45,Rock,Ground,pv095,Onix,-,8.8,210,45,1,1,1,0,1,2,0.5,0.5,1,4,2,2,0.5,0.25,1,0.5,2,4,Medium Fast
96,Drowzee,66,60,48,43,45,42,90,Psychic,,pv096,Drowzee,Hypno/26,1,32.4,190,2,2,1,1,1,0.5,1,1,2,1,1,1,1,1,0.5,1,1,1,Medium Fast
97,Hypno,169,85,73,73,70,67,115,Psychic,,pv097,Hypno,-,1.6,75.6,75,2,2,1,1,1,0.5,1,1,2,1,1,1,1,1,0.5,1,1,1,Medium Fast
98,Krabby,65,30,105,25,90,50,25,Water,,pv098,Krabby,Kingler/28,0.4,6.5,225,1,1,1,2,1,1,0.5,1,1,2,1,0.5,1,1,1,1,0.5,0.5,Medium Fast
99,Kingler,166,55,130,50,115,75,50,Water,,pv099,Kingler,-,1.3,60,60,1,1,1,2,1,1,0.5,1,1,2,1,0.5,1,1,1,1,0.5,0.5,Medium Fast
100,Voltorb,66,40,30,55,50,100,55,Electric,,pv100,Voltorb,Electrode,0.5,10.4,190,1,1,1,0.5,1,1,1,0.5,1,1,2,1,1,1,1,1,0.5,1,Medium Fast
101,Electrode,172,60,50,80,70,150,80,Electric,,pv101,Electrode,-,1.2,66.6,60,1,1,1,0.5,1,1,1,0.5,1,1,2,1,1,1,1,1,0.5,1,Medium Fast
102,Exeggcute,65,60,40,60,80,40,45,Grass,Psychic,pv102,Exeggcute,Exeggutor,0.4,2.5,90,4,2,1,0.5,1,0.5,2,2,2,0.5,0.5,2,1,2,0.5,1,1,0.5,Slow
103,Exeggutor,186,95,95,125,85,55,75,Grass,Psychic,pv103,Exeggutor,-,2.01,,45,4,2,1,0.5,1,0.5,2,2,2,0.5,0.5,2,1,2,0.5,1,1,0.5,Slow
104,Cubone,64,50,50,40,95,35,50,Ground,,pv104,Cubone,Marowak/28,0.4,6.5,190,1,1,1,0,1,1,1,1,1,2,1,2,1,0.5,1,0.5,1,2,Medium Fast
105,Marowak,149,60,80,50,110,45,80,Ground,,pv105,Marowak,-,99.1,,75,1,1,1,0,1,1,1,1,1,2,1,2,1,0.5,1,0.5,1,2,Medium Fast
106,Hitmonlee,159,50,120,35,53,87,110,Fighting,,pv106,Hitmonlee,-,1.5,49.8,45,0.5,0.5,1,1,2,1,1,2,1,1,1,1,1,1,2,0.5,1,1,Medium Fast
107,Hitmonchan,159,50,105,35,79,76,110,Fighting,,pv107,Hitmonchan,-,1.4,50.2,45,0.5,0.5,1,1,2,1,1,2,1,1,1,1,1,1,2,0.5,1,1,Medium Fast
108,Lickitung,77,90,55,60,75,30,75,Normal,,pv108,Lickitung,-,1.2,65.5,45,1,1,1,1,1,2,1,1,0,1,1,1,1,1,1,1,1,1,Medium Fast
109,Koffing,68,40,65,60,95,35,45,Poison,,pv109,Koffing,Weezing/40,0.6,1,190,0.5,1,1,1,0.5,0.5,1,1,1,0.5,2,1,1,0.5,2,1,1,1,Medium Fast
110,Weezing,172,65,90,85,120,60,70,Poison,,pv110,Weezing,-,1.2,9.5,60,0.5,1,1,1,0.5,0.5,1,1,1,0.5,2,1,1,0.5,2,1,1,1,Medium Fast
111,Rhyhorn,69,80,85,30,95,25,30,Ground,Rock,pv111,Rhyhorn,Rhydon/42,1,115,120,1,1,1,0,1,2,0.5,0.5,1,4,2,2,0.5,0.25,1,0.5,2,4,Slow
112,Rhydon,170,105,130,45,120,40,45,Ground,Rock,pv112,Rhydon,-,1.9,120,60,1,1,1,0,1,2,0.5,0.5,1,4,2,2,0.5,0.25,1,0.5,2,4,Slow
113,Chansey,395,250,5,35,5,50,105,Normal,,pv113,Chansey,-,1.1,34.6,30,1,1,1,1,1,2,1,1,0,1,1,1,1,1,1,1,1,1,Fast
114,Tangela,87,65,55,100,115,60,40,Grass,,pv114,Tangela,-,1,35,45,2,1,1,0.5,1,1,2,2,1,0.5,0.5,2,1,2,1,1,1,0.5,Medium Fast
115,Kangaskhan,172,105,95,40,80,90,80,Normal,,pv115,Kangaskhan,-,2.2,80,45,1,1,1,1,1,2,1,1,0,1,1,1,1,1,1,1,1,1,Medium Fast
116,Horsea,59,30,40,70,70,60,25,Water,,pv116,Horsea,Seadra,0.4,8,225,1,1,1,2,1,1,0.5,1,1,2,1,0.5,1,1,1,1,0.5,0.5,Medium Fast
117,Seadra,154,55,65,95,95,85,45,Water,,pv117,Seadra,-,1.2,25,75,1,1,1,2,1,1,0.5,1,1,2,1,0.5,1,1,1,1,0.5,0.5,Medium Fast
118,Goldeen,64,45,67,35,60,63,50,Water,,pv118,Goldeen,Seaking,0.6,15,225,1,1,1,2,1,1,0.5,1,1,2,1,0.5,1,1,1,1,0.5,0.5,Medium Fast
119,Seaking,158,80,92,65,65,68,80,Water,,pv119,Seaking,-,1.3,39,60,1,1,1,2,1,1,0.5,1,1,2,1,0.5,1,1,1,1,0.5,0.5,Medium Fast
120,Staryu,68,30,45,70,55,85,55,Water,,pv120,Staryu,Starmie,0.8,34.5,225,1,1,1,2,1,1,0.5,1,1,2,1,0.5,1,1,1,1,0.5,0.5,Slow
121,Starmie,182,60,75,100,85,115,85,Water,Psychic,pv121,Starmie,-,1.1,80,60,2,2,1,2,1,0.5,0.5,1,2,2,1,0.5,1,1,0.5,1,0.5,0.5,Slow
122,Mr. Mime,161,40,45,100,65,90,120,Psychic,Fairy,pv122,Mr. Mime,-,1.3,54.5,45,1,1,0,1,1,0.25,1,1,2,1,1,1,1,2,0.5,1,2,1,Medium Fast
123,Scyther,100,70,110,55,80,105,80,Bug,Flying,pv123,Scyther,Scyther,1.5,56,45,0.5,1,1,2,1,0.25,2,2,1,0.25,0,2,1,1,1,4,1,1,Medium Fast
124,Jynx,159,65,50,115,35,95,95,Ice,Psychic,pv124,Jynx,-,1.4,40.6,45,2,2,1,1,1,1,2,1,2,1,1,0.5,1,1,0.5,2,2,1,Medium Fast
125,Electabuzz,172,65,83,95,57,105,85,Electric,,pv125,Electabuzz,-,1.1,30,45,1,1,1,0.5,1,1,1,0.5,1,1,2,1,1,1,1,1,0.5,1,Medium Fast
126,Magmar,173,65,95,100,57,93,85,Fire,,pv126,Magmar,-,1.3,44.5,45,0.5,1,1,1,0.5,1,0.5,1,1,0.5,2,0.5,1,1,1,2,0.5,2,Medium Fast
127,Pinsir,175,65,125,55,100,85,70,Bug,,pv127,Pinsir,-,1.5,55,45,1,1,1,1,1,0.5,2,2,1,0.5,0.5,1,1,1,1,2,1,1,Slow
128,Tauros,172,75,100,40,95,110,70,Normal,,pv128,Tauros,-,1.4,88.4,45,1,1,1,1,1,2,1,1,0,1,1,1,1,1,1,1,1,1,Slow
129,Magikarp,40,20,10,15,55,80,20,Water,,pv129,Magikarp,Gyarados/30,0.9,10,255,1,1,1,2,1,1,0.5,1,1,2,1,0.5,1,1,1,1,0.5,0.5,Slow
130,Gyarados,189,95,125,60,79,81,100,Water,Flying,pv130,Gyarados,-,6.5,235,45,0.5,1,1,4,1,0.5,0.5,1,1,1,0,1,1,1,1,2,0.5,0.5,Slow
131,Lapras,187,130,85,85,80,60,95,Water,Ice,pv131,Lapras,-,2.5,220,45,1,1,1,2,1,2,1,1,1,2,1,0.25,1,1,1,2,1,0.5,Slow
132,Ditto,101,48,48,48,48,48,48,Normal,,pv132,Ditto,-,0.3,4,35,1,1,1,1,1,2,1,1,0,1,1,1,1,1,1,1,1,1,Medium Fast
133,Eevee,65,55,55,45,50,55,65,Normal,,pv133,Eevee,Vaporeon/Jolteon/ Flareon,0.3,6.5,45,1,1,1,1,1,2,1,1,0,1,1,1,1,1,1,1,1,1,Medium Fast
134,Vaporeon,184,130,65,110,60,65,95,Water,,pv134,Vaporeon,-,1,29,45,1,1,1,2,1,1,0.5,1,1,2,1,0.5,1,1,1,1,0.5,0.5,Medium Fast
135,Jolteon,184,65,65,110,60,130,95,Electric,,pv135,Jolteon,-,0.8,24.5,45,1,1,1,0.5,1,1,1,0.5,1,1,2,1,1,1,1,1,0.5,1,Medium Fast
136,Flareon,184,65,130,95,60,65,110,Fire,,pv136,Flareon,-,0.9,25,45,0.5,1,1,1,0.5,1,0.5,1,1,0.5,2,0.5,1,1,1,2,0.5,2,Medium Fast
137,Porygon,79,65,60,85,70,40,75,Normal,,pv137,Porygon,Porygon2,0.8,36.5,45,1,1,1,1,1,2,1,1,0,1,1,1,1,1,1,1,1,1,Medium Fast
138,Omanyte,71,35,40,90,100,35,55,Rock,Water,pv138,Omanyte,Omastar/40,0.4,7.5,45,1,1,1,2,1,2,0.25,0.5,1,4,2,0.5,0.5,0.5,1,1,1,1,Medium Fast
139,Omastar,173,70,60,115,125,55,70,Rock,Water,pv139,Omastar,-,1,35,45,1,1,1,2,1,2,0.25,0.5,1,4,2,0.5,0.5,0.5,1,1,1,1,Medium Fast
140,Kabuto,71,30,80,55,90,55,45,Rock,Water,pv140,Kabuto,Kabutops/40,0.5,11.5,45,1,1,1,2,1,2,0.25,0.5,1,4,2,0.5,0.5,0.5,1,1,1,1,Medium Fast
141,Kabutops,173,60,115,65,105,80,70,Rock,Water,pv141,Kabutops,-,1.3,40.5,45,1,1,1,2,1,2,0.25,0.5,1,4,2,0.5,0.5,0.5,1,1,1,1,Medium Fast
142,Aerodactyl,180,80,105,60,65,130,75,Rock,Flying,pv142,Aerodactyl,-,1.8,59,45,0.5,1,1,2,1,1,0.5,0.5,1,1,0,2,0.5,0.5,1,2,2,2,Slow
143,Snorlax,189,160,110,65,65,30,110,Normal,,pv143,Snorlax,-,2.1,460,25,1,1,1,1,1,2,1,1,0,1,1,1,1,1,1,1,1,1,Slow
144,Articuno,290,90,85,95,100,85,125,Ice,Flying,pv144,Articuno,-,1.7,55.4,3,0.5,1,1,2,1,1,2,1,1,0.5,0,1,1,1,1,4,2,1,Slow
145,Zapdos,290,90,90,125,85,100,90,Electric,Flying,pv145,Zapdos,-,1.6,52.6,3,0.5,1,1,1,1,0.5,1,0.5,1,0.5,0,2,1,1,1,2,0.5,1,Slow
146,Moltres,290,90,100,125,90,90,85,Fire,Flying,pv146,Moltres,-,2,60,3,0.25,1,1,2,0.5,0.5,0.5,1,1,0.25,0,1,1,1,1,4,0.5,2,Slow
147,Dratini,60,41,64,50,45,50,50,Dragon,,pv147,Dratini,Dragonair/30,1.8,3.3,45,1,1,2,0.5,2,1,0.5,1,1,0.5,1,2,1,1,1,1,1,0.5,Slow
148,Dragonair,147,61,84,70,65,70,70,Dragon,,pv148,Dragonair,Dragonite/55,4,16.5,45,1,1,2,0.5,2,1,0.5,1,1,0.5,1,2,1,1,1,1,1,0.5,Slow
149,Dragonite,300,91,134,100,95,80,100,Dragon,Flying,pv149,Dragonite,-,2.2,210,45,0.5,1,2,1,2,0.5,0.5,1,1,0.25,0,4,1,1,1,2,1,0.5,Slow
150,Mewtwo,340,106,110,154,90,130,90,Psychic,,pv150,Mewtwo,-,2,122,3,2,2,1,1,1,0.5,1,1,2,1,1,1,1,1,0.5,1,1,1,Slow
151,Mew,300,100,100,100,100,100,100,Psychic,,pv151,Mew,-,0.4,4,45,2,2,1,1,1,0.5,1,1,2,1,1,1,1,1,0.5,1,1,1,Medium Slow
